{"cameraMode":{"drawMode":0,"name":"Shaded","section":"Shading Mode"},"sceneLighting":true,"audioPlay":false,"sceneViewState":{"showFog":true,"showMaterialUpdate":false,"showSkybox":true,"showFlares":true,"showImageEffects":true,"showParticleSystems":false,"showVisualEffectGraphs":true,"m_FxEnabled":true},"in2DMode":false,"pivot":{"x":9.234170913696289,"y":4.645942211151123,"z":-1.7230077981948853},"rotation":{"x":0.010492383502423764,"y":-0.6278464198112488,"z":0.008191676810383797,"w":0.7783563733100891},"size":0.9894694685935974,"orthographic":false}